{
  "runtime": "numpy-lstsq",
  "intercept": 450.3122926790199,
  "coef": [
    -1.9759856899761898,
    -0.23142862972658773,
    0.06623619761426736,
    -0.1585102625976269
  ],
  "feature_order": [
    "AT",
    "V",
    "AP",
    "RH"
  ],
  "metrics": {
    "r2": 0.9302124068770755,
    "rmse": 4.494737862694742,
    "n": 9568,
    "n_train": 7654,
    "n_test": 1914
  }
}